Position,Kmer,Mean
1,GGGCGG,67.73595
2,GGCGGC,59.405716
3,GCGGCG,59.723809
4,CGGCGA,68.596572
5,GGCGAC,63.144473
6,GCGACC,57.233718
7,CGACCT,57.61982
8,GACCTC,58.224973
9,ACCTCG,59.316305
10,CCTCGC,61.821412
11,CTCGCG,63.399159
12,TCGCGG,66.913002
13,CGCGGG,62.562099
14,GCGGGT,58.829768
15,CGGGTT,54.679104
16,GGGTTT,47.406334
17,GGTTTT,43.647465
18,GTTTTC,42.42926
19,TTTTCG,48.197703
20,TTTCGC,58.789229
21,TTCGCT,62.211204
22,TCGCTA,63.07479
23,CGCTAT,59.770974
24,GCTATT,57.216661
25,CTATTT,46.626438
26,TATTTA,46.012925
27,ATTTAT,53.746074
28,TTTATG,57.636967
29,TTATGA,54.601425
30,TATGAA,61.223328
31,ATGAAA,69.238096
32,TGAAAA,63.918275
33,GAAAAT,60.947104
34,AAAATT,53.913967
35,AAATTT,45.629387
36,AATTTT,44.071847
37,ATTTTC,42.731564
38,TTTTCC,46.315936
39,TTTCCG,57.461672
40,TTCCGG,64.817002
41,TCCGGT,61.879496
42,CCGGTT,47.777124
43,CGGTTT,43.964781
44,GGTTTA,45.737245
45,GTTTAA,53.686554
46,TTTAAG,63.209956
47,TTAAGG,62.659548
48,TAAGGC,58.332822
49,AAGGCG,64.831311
50,AGGCGT,67.661317
51,GGCGTT,52.372206
52,GCGTTT,42.169548
53,CGTTTC,41.618174
54,GTTTCC,45.978989
55,TTTCCG,57.461672
56,TTCCGT,63.805291
57,TCCGTT,50.159845
58,CCGTTC,40.512417
59,CGTTCT,45.667028
60,GTTCTT,54.30076
61,TTCTTC,45.241369
62,TCTTCT,47.371396
63,CTTCTT,55.33191
64,TTCTTC,45.241369
65,TCTTCG,47.989205
66,CTTCGT,59.861558
67,TTCGTC,48.596471
68,TCGTCA,45.992122
69,CGTCAT,59.446015
70,GTCATA,60.781936
71,TCATAA,59.819306
72,CATAAC,59.090548
73,ATAACT,56.642084
74,TAACTT,55.678179
75,AACTTA,50.482873
76,ACTTAA,55.80541
77,CTTAAT,62.269775
78,TTAATG,57.071639
79,TAATGT,51.941523
80,AATGTT,48.011975
81,ATGTTT,43.140937
82,TGTTTT,42.815838
83,GTTTTT,43.34116
84,TTTTTA,45.877751
85,TTTTAT,52.771553
86,TTTATT,56.41231
87,TTATTT,46.848401
88,TATTTA,46.012925
89,ATTTAA,55.385817
90,TTTAAA,62.577602
91,TTAAAA,63.055644
92,TAAAAT,61.149962
93,AAAATA,56.306283
94,AAATAC,54.760694
95,AATACC,57.890403
96,ATACCC,59.022918
97,TACCCT,62.764164
98,ACCCTC,60.747118
99,CCCTCT,58.247512
100,CCTCTG,59.517964